<?xml version="1.0" encoding="UTF-8" standalone="yes"?>
<addon id="repository.popcornmix" name="Popcornmix Add-ons" version="1.0.0" provider-name="popcornmix">
    <extension point="xbmc.addon.repository" name="Popcornmix Add-ons">
		<info compressed="true">https://github.com/popcornmix/repository.popcornmix.storage/raw/master/addons.xml</info>
		<checksum>https://github.com/popcornmix/repository.popcornmix.storage/raw/master/addons.xml.md5</checksum>
		<datadir zip="true">https://raw.githubusercontent.com/popcornmix/repository.popcornmix.storage/master/</datadir>
	</extension>
	<extension point="xbmc.addon.metadata">
		<summary>Popcornmix Add-ons</summary>
		<summary lang="en">Popcornmix Add-ons</summary>
		<description>Repository of add-ons by Popcornmix. Add-ons in alpha and beta status are here to test exclusively and for testers to provide them with updates.</description>
		<platform>all</platform>
	</extension>
</addon>
